insert into users (id, name, role, employee_no) values
  ('00000000-0000-0000-0000-000000000101', '陳O媚', 'nurse',        'N001'),
  ('00000000-0000-0000-0000-000000000102', '許O文', 'nurse',        'N002'),
  ('00000000-0000-0000-0000-000000000103', '李O慧', 'nurse',        'N003'),
  ('00000000-0000-0000-0000-000000000104', '詹O霏', 'nurse',        'N004'),
  ('00000000-0000-0000-0000-000000000105', '石O廷', 'nurse',        'N005'),
  ('00000000-0000-0000-0000-000000000106', '高O欣', 'nurse',        'N006'),
  ('00000000-0000-0000-0000-000000000107', '周O珊', 'nurse',        'N007'),
  ('00000000-0000-0000-0000-000000000108', '李O華', 'nurse',        'N008'),
  ('00000000-0000-0000-0000-000000000109', '林O新', 'nurse',        'N009'),
  ('00000000-0000-0000-0000-000000000110', '陳O琪', 'charge_nurse', 'N010'),
  ('00000000-0000-0000-0000-000000000111', '朱O為', 'nurse',        'N011'),
  ('00000000-0000-0000-0000-000000000112', '曾O怡', 'nurse',        'N012'),
  ('00000000-0000-0000-0000-000000000113', '李O',   'nurse',        'N013'),
  ('00000000-0000-0000-0000-000000000114', '林O璇', 'nurse',        'N014'),
  ('00000000-0000-0000-0000-000000000115', '胡O婷', 'nurse',        'N015'),
  ('00000000-0000-0000-0000-000000000116', '羅O君', 'nurse',        'N016'),
  ('00000000-0000-0000-0000-000000000117', '洪O音', 'nurse',        'N017'),
  ('00000000-0000-0000-0000-000000000118', '劉O',   'nurse',        'N018'),
  ('00000000-0000-0000-0000-000000000119', '林O月', 'nurse',        'N019'),
  ('00000000-0000-0000-0000-000000000120', '呂O真', 'nurse',        'N020'),
  ('00000000-0000-0000-0000-000000000121', '謝O燕', 'nurse',        'N021'),
  ('00000000-0000-0000-0000-000000000122', '楊O亮', 'nurse',        'N022'),
  ('00000000-0000-0000-0000-000000000123', '李O懸', 'nurse',        'N023'),
  ('00000000-0000-0000-0000-000000000124', '李O郁', 'nurse',        'N024'),
  ('00000000-0000-0000-0000-000000000125', '李O珍', 'nurse',        'N025'),
  ('00000000-0000-0000-0000-000000000126', '黃O威', 'nurse',        'N026'),
  ('00000000-0000-0000-0000-000000000127', '高O晴', 'nurse',        'N027'),
  ('00000000-0000-0000-0000-000000000128', '朱O敏', 'nurse',        'N028'),
  ('00000000-0000-0000-0000-000000000129', '葉O美', 'nurse',        'N029'),
  ('00000000-0000-0000-0000-000000000130', '楊O娟', 'nurse',        'N030'),
  ('00000000-0000-0000-0000-000000000131', '宋O寧', 'nurse',        'N031'),
  ('00000000-0000-0000-0000-000000000132', '王O媛', 'nurse',        'N032'),
  ('00000000-0000-0000-0000-000000000133', '楊O涵', 'nurse',        'N033'),
  ('00000000-0000-0000-0000-000000000134', '賴O吟', 'nurse',        'N034');

insert into nurses (id, display_name, short_name, seniority_level, is_active) values
  ('00000000-0000-0000-0000-000000000101', '陳O媚', '陳O媚', '15年以上', true),
  ('00000000-0000-0000-0000-000000000102', '許O文', '許O文', '10-15年',  true),
  ('00000000-0000-0000-0000-000000000103', '李O慧', '李O慧', '4-10年',   true),
  ('00000000-0000-0000-0000-000000000104', '詹O霏', '詹O霏', '4-10年',   true),
  ('00000000-0000-0000-0000-000000000105', '石O廷', '石O廷', '4-10年',   true),
  ('00000000-0000-0000-0000-000000000106', '高O欣', '高O欣', '4-10年',   true),
  ('00000000-0000-0000-0000-000000000107', '周O珊', '周O珊', '4-10年',   true),
  ('00000000-0000-0000-0000-000000000108', '李O華', '李O華', '1年以下',  true),
  ('00000000-0000-0000-0000-000000000109', '林O新', '林O新', '1年以下',  true),
  ('00000000-0000-0000-0000-000000000110', '陳O琪', '陳O琪', '15年以上', true),
  ('00000000-0000-0000-0000-000000000111', '朱O為', '朱O為', '15年以上', true),
  ('00000000-0000-0000-0000-000000000112', '曾O怡', '曾O怡', '15年以上', true),
  ('00000000-0000-0000-0000-000000000113', '李O',   '李O',   '10-15年',  true),
  ('00000000-0000-0000-0000-000000000114', '林O璇', '林O璇', '4-10年',   true),
  ('00000000-0000-0000-0000-000000000115', '胡O婷', '胡O婷', '1-4年',    true),
  ('00000000-0000-0000-0000-000000000116', '羅O君', '羅O君', '1-4年',    true),
  ('00000000-0000-0000-0000-000000000117', '洪O音', '洪O音', '1-4年',    true),
  ('00000000-0000-0000-0000-000000000118', '劉O',   '劉O',   '1年以下',  true),
  ('00000000-0000-0000-0000-000000000119', '林O月', '林O月', '15年以上', true),
  ('00000000-0000-0000-0000-000000000120', '呂O真', '呂O真', '10-15年',  true),
  ('00000000-0000-0000-0000-000000000121', '謝O燕', '謝O燕', '4-10年',   true),
  ('00000000-0000-0000-0000-000000000122', '楊O亮', '楊O亮', '4-10年',   true),
  ('00000000-0000-0000-0000-000000000123', '李O懸', '李O懸', '1-4年',    true),
  ('00000000-0000-0000-0000-000000000124', '李O郁', '李O郁', '1-4年',    true),
  ('00000000-0000-0000-0000-000000000125', '李O珍', '李O珍', '1-4年',    true),
  ('00000000-0000-0000-0000-000000000126', '黃O威', '黃O威', '1年以下',  true),
  ('00000000-0000-0000-0000-000000000127', '高O晴', '高O晴', '4-10年',   true),
  ('00000000-0000-0000-0000-000000000128', '朱O敏', '朱O敏', '4-10年',   true),
  ('00000000-0000-0000-0000-000000000129', '葉O美', '葉O美', '15年以上', true),
  ('00000000-0000-0000-0000-000000000130', '楊O娟', '楊O娟', '15年以上', true),
  ('00000000-0000-0000-0000-000000000131', '宋O寧', '宋O寧', '1-4年',    true),
  ('00000000-0000-0000-0000-000000000132', '王O媛', '王O媛', '1年以下',  true),
  ('00000000-0000-0000-0000-000000000133', '楊O涵', '楊O涵', '4-10年',   true),
  ('00000000-0000-0000-0000-000000000134', '賴O吟', '賴O吟', '4-10年',   true);

insert into shifts (id, unit_name, shift_key, starts_at, ends_at, charge_nurse_id, status) values
  ('00000000-0000-0000-0000-000000000201', 'ICU', 'day', '2026-05-08 06:00:00+08', '2026-05-08 14:00:00+08', '00000000-0000-0000-0000-000000000110', 'open');

insert into shift_nurses (shift_id, nurse_id, role) values
  ('00000000-0000-0000-0000-000000000201', '00000000-0000-0000-0000-000000000101', 'nurse'),
  ('00000000-0000-0000-0000-000000000201', '00000000-0000-0000-0000-000000000102', 'nurse'),
  ('00000000-0000-0000-0000-000000000201', '00000000-0000-0000-0000-000000000103', 'nurse'),
  ('00000000-0000-0000-0000-000000000201', '00000000-0000-0000-0000-000000000104', 'nurse'),
  ('00000000-0000-0000-0000-000000000201', '00000000-0000-0000-0000-000000000105', 'nurse'),
  ('00000000-0000-0000-0000-000000000201', '00000000-0000-0000-0000-000000000106', 'nurse'),
  ('00000000-0000-0000-0000-000000000201', '00000000-0000-0000-0000-000000000107', 'nurse'),
  ('00000000-0000-0000-0000-000000000201', '00000000-0000-0000-0000-000000000108', 'nurse'),
  ('00000000-0000-0000-0000-000000000201', '00000000-0000-0000-0000-000000000109', 'nurse'),
  ('00000000-0000-0000-0000-000000000201', '00000000-0000-0000-0000-000000000110', 'charge_nurse');

-- 排班：第一天 2026-05-19，第二天 2026-05-20
insert into shifts (id, unit_name, shift_key, starts_at, ends_at, status) values
  ('00000000-0000-0000-0000-000000000202', 'ICU', 'day',     '2026-05-19 07:00:00+08', '2026-05-19 15:00:00+08', 'confirmed'),
  ('00000000-0000-0000-0000-000000000203', 'ICU', 'evening', '2026-05-19 15:00:00+08', '2026-05-19 23:00:00+08', 'confirmed'),
  ('00000000-0000-0000-0000-000000000204', 'ICU', 'night',   '2026-05-19 23:00:00+08', '2026-05-20 07:00:00+08', 'confirmed'),
  ('00000000-0000-0000-0000-000000000205', 'ICU', 'day',     '2026-05-20 07:00:00+08', '2026-05-20 15:00:00+08', 'confirmed'),
  ('00000000-0000-0000-0000-000000000206', 'ICU', 'evening', '2026-05-20 15:00:00+08', '2026-05-20 23:00:00+08', 'confirmed'),
  ('00000000-0000-0000-0000-000000000207', 'ICU', 'night',   '2026-05-20 23:00:00+08', '2026-05-21 07:00:00+08', 'confirmed');

insert into shift_nurses (shift_id, nurse_id, role) values
  -- 第一天 白班 9人：陳O媚(15+) 許O文(10-15) 李O慧 詹O霏 石O廷 高O欣 周O珊(4-10) 李O華 林O新(1年以下)
  ('00000000-0000-0000-0000-000000000202', '00000000-0000-0000-0000-000000000101', 'nurse'),
  ('00000000-0000-0000-0000-000000000202', '00000000-0000-0000-0000-000000000102', 'nurse'),
  ('00000000-0000-0000-0000-000000000202', '00000000-0000-0000-0000-000000000103', 'nurse'),
  ('00000000-0000-0000-0000-000000000202', '00000000-0000-0000-0000-000000000104', 'nurse'),
  ('00000000-0000-0000-0000-000000000202', '00000000-0000-0000-0000-000000000105', 'nurse'),
  ('00000000-0000-0000-0000-000000000202', '00000000-0000-0000-0000-000000000106', 'nurse'),
  ('00000000-0000-0000-0000-000000000202', '00000000-0000-0000-0000-000000000107', 'nurse'),
  ('00000000-0000-0000-0000-000000000202', '00000000-0000-0000-0000-000000000108', 'nurse'),
  ('00000000-0000-0000-0000-000000000202', '00000000-0000-0000-0000-000000000109', 'nurse'),
  -- 第一天 小夜班 9人：陳O琪 朱O為 曾O怡(15+) 李O(10-15) 林O璇(4-10) 胡O婷 羅O君 洪O音(1-4) 劉O(1年以下)
  ('00000000-0000-0000-0000-000000000203', '00000000-0000-0000-0000-000000000110', 'nurse'),
  ('00000000-0000-0000-0000-000000000203', '00000000-0000-0000-0000-000000000111', 'nurse'),
  ('00000000-0000-0000-0000-000000000203', '00000000-0000-0000-0000-000000000112', 'nurse'),
  ('00000000-0000-0000-0000-000000000203', '00000000-0000-0000-0000-000000000113', 'nurse'),
  ('00000000-0000-0000-0000-000000000203', '00000000-0000-0000-0000-000000000114', 'nurse'),
  ('00000000-0000-0000-0000-000000000203', '00000000-0000-0000-0000-000000000115', 'nurse'),
  ('00000000-0000-0000-0000-000000000203', '00000000-0000-0000-0000-000000000116', 'nurse'),
  ('00000000-0000-0000-0000-000000000203', '00000000-0000-0000-0000-000000000117', 'nurse'),
  ('00000000-0000-0000-0000-000000000203', '00000000-0000-0000-0000-000000000118', 'nurse'),
  -- 第一天 大夜班 8人：林O月(15+) 呂O真(10-15) 謝O燕 楊O亮(4-10) 李O懸 李O郁 李O珍(1-4) 黃O威(1年以下)
  ('00000000-0000-0000-0000-000000000204', '00000000-0000-0000-0000-000000000119', 'nurse'),
  ('00000000-0000-0000-0000-000000000204', '00000000-0000-0000-0000-000000000120', 'nurse'),
  ('00000000-0000-0000-0000-000000000204', '00000000-0000-0000-0000-000000000121', 'nurse'),
  ('00000000-0000-0000-0000-000000000204', '00000000-0000-0000-0000-000000000122', 'nurse'),
  ('00000000-0000-0000-0000-000000000204', '00000000-0000-0000-0000-000000000123', 'nurse'),
  ('00000000-0000-0000-0000-000000000204', '00000000-0000-0000-0000-000000000124', 'nurse'),
  ('00000000-0000-0000-0000-000000000204', '00000000-0000-0000-0000-000000000125', 'nurse'),
  ('00000000-0000-0000-0000-000000000204', '00000000-0000-0000-0000-000000000126', 'nurse'),
  -- 第二天 白班 9人：許O文(10-15) 李O慧 詹O霏 石O廷 高O晴 朱O敏 高O欣(4-10) 李O華 林O新(1年以下)
  ('00000000-0000-0000-0000-000000000205', '00000000-0000-0000-0000-000000000102', 'nurse'),
  ('00000000-0000-0000-0000-000000000205', '00000000-0000-0000-0000-000000000103', 'nurse'),
  ('00000000-0000-0000-0000-000000000205', '00000000-0000-0000-0000-000000000104', 'nurse'),
  ('00000000-0000-0000-0000-000000000205', '00000000-0000-0000-0000-000000000105', 'nurse'),
  ('00000000-0000-0000-0000-000000000205', '00000000-0000-0000-0000-000000000127', 'nurse'),
  ('00000000-0000-0000-0000-000000000205', '00000000-0000-0000-0000-000000000128', 'nurse'),
  ('00000000-0000-0000-0000-000000000205', '00000000-0000-0000-0000-000000000106', 'nurse'),
  ('00000000-0000-0000-0000-000000000205', '00000000-0000-0000-0000-000000000108', 'nurse'),
  ('00000000-0000-0000-0000-000000000205', '00000000-0000-0000-0000-000000000109', 'nurse'),
  -- 第二天 小夜班 8人：葉O美 陳O琪 楊O娟(15+) 李O(10-15) 宋O寧 胡O婷(1-4) 劉O 王O媛(1年以下)
  ('00000000-0000-0000-0000-000000000206', '00000000-0000-0000-0000-000000000129', 'nurse'),
  ('00000000-0000-0000-0000-000000000206', '00000000-0000-0000-0000-000000000110', 'nurse'),
  ('00000000-0000-0000-0000-000000000206', '00000000-0000-0000-0000-000000000130', 'nurse'),
  ('00000000-0000-0000-0000-000000000206', '00000000-0000-0000-0000-000000000113', 'nurse'),
  ('00000000-0000-0000-0000-000000000206', '00000000-0000-0000-0000-000000000131', 'nurse'),
  ('00000000-0000-0000-0000-000000000206', '00000000-0000-0000-0000-000000000115', 'nurse'),
  ('00000000-0000-0000-0000-000000000206', '00000000-0000-0000-0000-000000000118', 'nurse'),
  ('00000000-0000-0000-0000-000000000206', '00000000-0000-0000-0000-000000000132', 'nurse'),
  -- 第二天 大夜班 8人：林O月 曾O怡(15+) 呂O真(10-15) 楊O涵 賴O吟(4-10) 李O郁 李O珍(1-4) 黃O威(1年以下)
  ('00000000-0000-0000-0000-000000000207', '00000000-0000-0000-0000-000000000119', 'nurse'),
  ('00000000-0000-0000-0000-000000000207', '00000000-0000-0000-0000-000000000112', 'nurse'),
  ('00000000-0000-0000-0000-000000000207', '00000000-0000-0000-0000-000000000120', 'nurse'),
  ('00000000-0000-0000-0000-000000000207', '00000000-0000-0000-0000-000000000133', 'nurse'),
  ('00000000-0000-0000-0000-000000000207', '00000000-0000-0000-0000-000000000134', 'nurse'),
  ('00000000-0000-0000-0000-000000000207', '00000000-0000-0000-0000-000000000124', 'nurse'),
  ('00000000-0000-0000-0000-000000000207', '00000000-0000-0000-0000-000000000125', 'nurse'),
  ('00000000-0000-0000-0000-000000000207', '00000000-0000-0000-0000-000000000126', 'nurse');

insert into beds (id, unit_name, bed_no, label, is_active) values
  ('00000000-0000-0000-0000-000000000301', 'ICU', 1,  '床 1',  true),
  ('00000000-0000-0000-0000-000000000302', 'ICU', 2,  '床 2',  true),
  ('00000000-0000-0000-0000-000000000303', 'ICU', 3,  '床 3',  true),
  ('00000000-0000-0000-0000-000000000304', 'ICU', 4,  '床 4',  true),
  ('00000000-0000-0000-0000-000000000305', 'ICU', 5,  '床 5',  true),
  ('00000000-0000-0000-0000-000000000306', 'ICU', 6,  '床 6',  true),
  ('00000000-0000-0000-0000-000000000307', 'ICU', 7,  '床 7',  true),
  ('00000000-0000-0000-0000-000000000308', 'ICU', 8,  '床 8',  true),
  ('00000000-0000-0000-0000-000000000309', 'ICU', 9,  '床 9',  true),
  ('00000000-0000-0000-0000-000000000310', 'ICU', 10, '床 10', true),
  ('00000000-0000-0000-0000-000000000311', 'ICU', 11, '床 11', true),
  ('00000000-0000-0000-0000-000000000312', 'ICU', 12, '床 12', true),
  ('00000000-0000-0000-0000-000000000313', 'ICU', 13, '床 13', true),
  ('00000000-0000-0000-0000-000000000314', 'ICU', 14, '床 14', true),
  ('00000000-0000-0000-0000-000000000315', 'ICU', 15, '床 15', true),
  ('00000000-0000-0000-0000-000000000316', 'ICU', 16, '床 16', true),
  ('00000000-0000-0000-0000-000000000317', 'ICU', 17, '床 17', true);

insert into patients (id, medical_record_no, name, sex, birth_date) values
  ('00000000-0000-0000-0000-000000000401', 'MR000001', '陳志豪', '男', '1958-01-01'),
  ('00000000-0000-0000-0000-000000000402', 'MR000002', '林淑芬', '女', '1952-01-01'),
  ('00000000-0000-0000-0000-000000000403', 'MR000003', '王建翔', '男', '1974-01-01'),
  ('00000000-0000-0000-0000-000000000404', 'MR000004', '吳佩蓉', '女', '1945-01-01'),
  ('00000000-0000-0000-0000-000000000405', 'MR000005', '李明哲', '男', '1949-01-01'),
  ('00000000-0000-0000-0000-000000000406', 'MR000006', '周雅婷', '女', '1960-01-01'),
  ('00000000-0000-0000-0000-000000000407', 'MR000007', '郭柏霖', '男', '1967-01-01'),
  ('00000000-0000-0000-0000-000000000408', 'MR000008', '許心怡', '女', '1956-01-01'),
  ('00000000-0000-0000-0000-000000000409', 'MR000009', '黃冠廷', '男', '1963-01-01'),
  ('00000000-0000-0000-0000-000000000410', 'MR000010', '吳怡君', '女', '1981-01-01'),
  ('00000000-0000-0000-0000-000000000411', 'MR000011', '邱子豪', '男', '1993-01-01'),
  ('00000000-0000-0000-0000-000000000412', 'MR000012', '蔡佩珊', '女', '1968-01-01'),
  ('00000000-0000-0000-0000-000000000413', 'MR000013', '鄭文彥', '男', '1954-01-01'),
  ('00000000-0000-0000-0000-000000000414', 'MR000014', '何冠廷', '女', '1962-01-01'),
  ('00000000-0000-0000-0000-000000000415', 'MR000015', '杜承恩', '男', '1970-01-01'),
  ('00000000-0000-0000-0000-000000000416', 'MR000016', '蘇雅婷', '女', '1965-01-01'),
  ('00000000-0000-0000-0000-000000000417', 'MR000017', '方志豪', '男', '1977-01-01');

insert into admissions (id, patient_id, bed_id, diagnosis, admitted_at, attending_physician, status) values
  ('00000000-0000-0000-0000-000000000501', '00000000-0000-0000-0000-000000000401', '00000000-0000-0000-0000-000000000301', 'ARDS',             '2026-04-22', '張志明醫師', 'active'),
  ('00000000-0000-0000-0000-000000000502', '00000000-0000-0000-0000-000000000402', '00000000-0000-0000-0000-000000000302', '敗血症',            '2026-04-20', '林怡君醫師', 'active'),
  ('00000000-0000-0000-0000-000000000503', '00000000-0000-0000-0000-000000000403', '00000000-0000-0000-0000-000000000303', '術後照護',          '2026-04-24', '王建宏醫師', 'active'),
  ('00000000-0000-0000-0000-000000000504', '00000000-0000-0000-0000-000000000404', '00000000-0000-0000-0000-000000000304', 'COPD 急性惡化',     '2026-04-18', '陳美玲醫師', 'active'),
  ('00000000-0000-0000-0000-000000000505', '00000000-0000-0000-0000-000000000405', '00000000-0000-0000-0000-000000000305', '心衰竭急性惡化',    '2026-04-19', '李承翰醫師', 'active'),
  ('00000000-0000-0000-0000-000000000506', '00000000-0000-0000-0000-000000000406', '00000000-0000-0000-0000-000000000306', '腦中風（急性期）',  '2026-04-23', '周雅雯醫師', 'active'),
  ('00000000-0000-0000-0000-000000000507', '00000000-0000-0000-0000-000000000407', '00000000-0000-0000-0000-000000000307', '肺炎併呼吸衰竭',    '2026-04-21', '郭柏宏醫師', 'active'),
  ('00000000-0000-0000-0000-000000000508', '00000000-0000-0000-0000-000000000408', '00000000-0000-0000-0000-000000000308', '上消化道出血',      '2026-04-25', '許心怡醫師', 'active'),
  ('00000000-0000-0000-0000-000000000509', '00000000-0000-0000-0000-000000000409', '00000000-0000-0000-0000-000000000309', '腎衰竭（洗腎評估）','2026-04-17', '黃冠霖醫師', 'active'),
  ('00000000-0000-0000-0000-000000000510', '00000000-0000-0000-0000-000000000410', '00000000-0000-0000-0000-000000000310', '糖尿病酮酸中毒',    '2026-04-26', '吳怡婷醫師', 'active'),
  ('00000000-0000-0000-0000-000000000511', '00000000-0000-0000-0000-000000000411', '00000000-0000-0000-0000-000000000311', '多發外傷（術後）',  '2026-04-16', '邱子豪醫師', 'active'),
  ('00000000-0000-0000-0000-000000000512', '00000000-0000-0000-0000-000000000412', '00000000-0000-0000-0000-000000000312', '胰臟炎（重症）',    '2026-04-15', '蔡佩珊醫師', 'active'),
  ('00000000-0000-0000-0000-000000000513', '00000000-0000-0000-0000-000000000413', '00000000-0000-0000-0000-000000000313', '敗血性休克',        '2026-04-14', '鄭文彥醫師', 'active'),
  ('00000000-0000-0000-0000-000000000514', '00000000-0000-0000-0000-000000000414', '00000000-0000-0000-0000-000000000314', '心肌梗塞（PCI 後）','2026-04-13', '何冠廷醫師', 'active'),
  ('00000000-0000-0000-0000-000000000515', '00000000-0000-0000-0000-000000000415', '00000000-0000-0000-0000-000000000315', '腸阻塞（術前）',    '2026-04-12', '杜承恩醫師', 'active'),
  ('00000000-0000-0000-0000-000000000516', '00000000-0000-0000-0000-000000000416', '00000000-0000-0000-0000-000000000316', '肝硬化併腹水',      '2026-04-11', '蘇雅婷醫師', 'active'),
  ('00000000-0000-0000-0000-000000000517', '00000000-0000-0000-0000-000000000417', '00000000-0000-0000-0000-000000000317', '感染性腦膜炎',      '2026-04-10', '方志豪醫師', 'active');
